filename,steering
frame_000000_org.jpg,89
frame_000000_flip.jpg,91
frame_000001_org.jpg,89
frame_000001_flip.jpg,91
frame_000002_org.jpg,89
frame_000002_flip.jpg,91
frame_000003_org.jpg,89
frame_000003_flip.jpg,91
frame_000004_org.jpg,89
frame_000004_flip.jpg,91
frame_000005_org.jpg,89
frame_000005_flip.jpg,91
frame_000006_org.jpg,89
frame_000006_flip.jpg,91
frame_000007_org.jpg,89
frame_000007_flip.jpg,91
frame_000008_org.jpg,89
frame_000008_flip.jpg,91
frame_000009_org.jpg,89
frame_000009_flip.jpg,91
frame_000010_org.jpg,89
frame_000010_flip.jpg,91
frame_000011_org.jpg,89
frame_000011_flip.jpg,91
frame_000012_org.jpg,89
frame_000012_flip.jpg,91
frame_000013_org.jpg,89
frame_000013_flip.jpg,91
frame_000014_org.jpg,89
frame_000014_flip.jpg,91
frame_000015_org.jpg,89
frame_000015_flip.jpg,91
frame_000016_org.jpg,89
frame_000016_flip.jpg,91
frame_000017_org.jpg,89
frame_000017_flip.jpg,91
frame_000018_org.jpg,89
frame_000018_flip.jpg,91
frame_000019_org.jpg,89
frame_000019_flip.jpg,91
frame_000020_org.jpg,89
frame_000020_flip.jpg,91
frame_000021_org.jpg,89
frame_000021_flip.jpg,91
frame_000022_org.jpg,89
frame_000022_flip.jpg,91
frame_000023_org.jpg,89
frame_000023_flip.jpg,91
frame_000024_org.jpg,89
frame_000024_flip.jpg,91
frame_000025_org.jpg,90
frame_000025_flip.jpg,90
frame_000026_org.jpg,90
frame_000026_flip.jpg,90
frame_000027_org.jpg,90
frame_000027_flip.jpg,90
frame_000028_org.jpg,90
frame_000028_flip.jpg,90
frame_000029_org.jpg,90
frame_000029_flip.jpg,90
frame_000030_org.jpg,90
frame_000030_flip.jpg,90
frame_000031_org.jpg,90
frame_000031_flip.jpg,90
frame_000032_org.jpg,90
frame_000032_flip.jpg,90
frame_000033_org.jpg,90
frame_000033_flip.jpg,90
frame_000034_org.jpg,90
frame_000034_flip.jpg,90
frame_000035_org.jpg,90
frame_000035_flip.jpg,90
frame_000036_org.jpg,90
frame_000036_flip.jpg,90
frame_000037_org.jpg,90
frame_000037_flip.jpg,90
frame_000038_org.jpg,90
frame_000038_flip.jpg,90
frame_000039_org.jpg,89
frame_000039_flip.jpg,91
frame_000040_org.jpg,89
frame_000040_flip.jpg,91
frame_000041_org.jpg,89
frame_000041_flip.jpg,91
frame_000042_org.jpg,89
frame_000042_flip.jpg,91
frame_000043_org.jpg,89
frame_000043_flip.jpg,91
frame_000044_org.jpg,89
frame_000044_flip.jpg,91
frame_000045_org.jpg,89
frame_000045_flip.jpg,91
frame_000046_org.jpg,89
frame_000046_flip.jpg,91
frame_000047_org.jpg,89
frame_000047_flip.jpg,91
frame_000048_org.jpg,89
frame_000048_flip.jpg,91
frame_000049_org.jpg,89
frame_000049_flip.jpg,91
frame_000050_org.jpg,89
frame_000050_flip.jpg,91
frame_000051_org.jpg,89
frame_000051_flip.jpg,91
frame_000052_org.jpg,89
frame_000052_flip.jpg,91
frame_000053_org.jpg,89
frame_000053_flip.jpg,91
frame_000054_org.jpg,89
frame_000054_flip.jpg,91
frame_000055_org.jpg,89
frame_000055_flip.jpg,91
frame_000056_org.jpg,89
frame_000056_flip.jpg,91
frame_000057_org.jpg,89
frame_000057_flip.jpg,91
frame_000058_org.jpg,89
frame_000058_flip.jpg,91
frame_000059_org.jpg,89
frame_000059_flip.jpg,91
frame_000060_org.jpg,89
frame_000060_flip.jpg,91
frame_000061_org.jpg,89
frame_000061_flip.jpg,91
frame_000062_org.jpg,89
frame_000062_flip.jpg,91
frame_000063_org.jpg,89
frame_000063_flip.jpg,91
frame_000064_org.jpg,89
frame_000064_flip.jpg,91
frame_000065_org.jpg,89
frame_000065_flip.jpg,91
frame_000066_org.jpg,89
frame_000066_flip.jpg,91
frame_000067_org.jpg,89
frame_000067_flip.jpg,91
frame_000068_org.jpg,89
frame_000068_flip.jpg,91
frame_000069_org.jpg,89
frame_000069_flip.jpg,91
frame_000070_org.jpg,89
frame_000070_flip.jpg,91
frame_000071_org.jpg,89
frame_000071_flip.jpg,91
frame_000072_org.jpg,89
frame_000072_flip.jpg,91
frame_000073_org.jpg,89
frame_000073_flip.jpg,91
frame_000074_org.jpg,89
frame_000074_flip.jpg,91
frame_000075_org.jpg,89
frame_000075_flip.jpg,91
frame_000076_org.jpg,89
frame_000076_flip.jpg,91
frame_000077_org.jpg,89
frame_000077_flip.jpg,91
frame_000078_org.jpg,89
frame_000078_flip.jpg,91
frame_000079_org.jpg,89
frame_000079_flip.jpg,91
frame_000080_org.jpg,89
frame_000080_flip.jpg,91
frame_000081_org.jpg,89
frame_000081_flip.jpg,91
frame_000082_org.jpg,89
frame_000082_flip.jpg,91
frame_000083_org.jpg,89
frame_000083_flip.jpg,91
frame_000084_org.jpg,89
frame_000084_flip.jpg,91
frame_000085_org.jpg,89
frame_000085_flip.jpg,91
frame_000086_org.jpg,89
frame_000086_flip.jpg,91
frame_000087_org.jpg,89
frame_000087_flip.jpg,91
frame_000088_org.jpg,89
frame_000088_flip.jpg,91
frame_000089_org.jpg,89
frame_000089_flip.jpg,91
frame_000090_org.jpg,89
frame_000090_flip.jpg,91
frame_000091_org.jpg,89
frame_000091_flip.jpg,91
frame_000092_org.jpg,89
frame_000092_flip.jpg,91
frame_000093_org.jpg,89
frame_000093_flip.jpg,91
frame_000094_org.jpg,89
frame_000094_flip.jpg,91
frame_000095_org.jpg,89
frame_000095_flip.jpg,91
frame_000096_org.jpg,89
frame_000096_flip.jpg,91
frame_000097_org.jpg,89
frame_000097_flip.jpg,91
frame_000098_org.jpg,89
frame_000098_flip.jpg,91
frame_000099_org.jpg,89
frame_000099_flip.jpg,91
frame_000100_org.jpg,89
frame_000100_flip.jpg,91
frame_000101_org.jpg,88
frame_000101_flip.jpg,92
frame_000102_org.jpg,88
frame_000102_flip.jpg,92
frame_000103_org.jpg,88
frame_000103_flip.jpg,92
frame_000104_org.jpg,88
frame_000104_flip.jpg,92
frame_000105_org.jpg,88
frame_000105_flip.jpg,92
frame_000106_org.jpg,88
frame_000106_flip.jpg,92
frame_000107_org.jpg,89
frame_000107_flip.jpg,91
frame_000108_org.jpg,89
frame_000108_flip.jpg,91
frame_000109_org.jpg,89
frame_000109_flip.jpg,91
frame_000110_org.jpg,89
frame_000110_flip.jpg,91
frame_000111_org.jpg,89
frame_000111_flip.jpg,91
frame_000112_org.jpg,89
frame_000112_flip.jpg,91
frame_000113_org.jpg,89
frame_000113_flip.jpg,91
frame_000114_org.jpg,89
frame_000114_flip.jpg,91
frame_000115_org.jpg,89
frame_000115_flip.jpg,91
frame_000116_org.jpg,89
frame_000116_flip.jpg,91
frame_000117_org.jpg,89
frame_000117_flip.jpg,91
frame_000118_org.jpg,89
frame_000118_flip.jpg,91
frame_000119_org.jpg,89
frame_000119_flip.jpg,91
frame_000120_org.jpg,90
frame_000120_flip.jpg,90
frame_000121_org.jpg,92
frame_000121_flip.jpg,88
frame_000122_org.jpg,94
frame_000122_flip.jpg,86
frame_000123_org.jpg,97
frame_000123_flip.jpg,83
frame_000124_org.jpg,99
frame_000124_flip.jpg,81
frame_000125_org.jpg,101
frame_000125_flip.jpg,79
frame_000126_org.jpg,104
frame_000126_flip.jpg,76
frame_000127_org.jpg,106
frame_000127_flip.jpg,74
frame_000128_org.jpg,109
frame_000128_flip.jpg,71
frame_000129_org.jpg,111
frame_000129_flip.jpg,69
frame_000130_org.jpg,113
frame_000130_flip.jpg,67
frame_000131_org.jpg,116
frame_000131_flip.jpg,64
frame_000132_org.jpg,117
frame_000132_flip.jpg,63
frame_000133_org.jpg,119
frame_000133_flip.jpg,61
frame_000134_org.jpg,121
frame_000134_flip.jpg,59
frame_000135_org.jpg,122
frame_000135_flip.jpg,58
frame_000136_org.jpg,123
frame_000136_flip.jpg,57
frame_000137_org.jpg,125
frame_000137_flip.jpg,55
frame_000138_org.jpg,126
frame_000138_flip.jpg,54
frame_000139_org.jpg,126
frame_000139_flip.jpg,54
frame_000140_org.jpg,127
frame_000140_flip.jpg,53
frame_000141_org.jpg,128
frame_000141_flip.jpg,52
frame_000142_org.jpg,129
frame_000142_flip.jpg,51
frame_000143_org.jpg,129
frame_000143_flip.jpg,51
frame_000144_org.jpg,129
frame_000144_flip.jpg,51
frame_000145_org.jpg,130
frame_000145_flip.jpg,50
frame_000146_org.jpg,130
frame_000146_flip.jpg,50
frame_000147_org.jpg,131
frame_000147_flip.jpg,49
frame_000148_org.jpg,132
frame_000148_flip.jpg,48
frame_000149_org.jpg,132
frame_000149_flip.jpg,48
frame_000150_org.jpg,132
frame_000150_flip.jpg,48
frame_000151_org.jpg,132
frame_000151_flip.jpg,48
frame_000152_org.jpg,132
frame_000152_flip.jpg,48
frame_000153_org.jpg,132
frame_000153_flip.jpg,48
frame_000154_org.jpg,132
frame_000154_flip.jpg,48
frame_000155_org.jpg,132
frame_000155_flip.jpg,48
frame_000156_org.jpg,132
frame_000156_flip.jpg,48
frame_000157_org.jpg,132
frame_000157_flip.jpg,48
frame_000158_org.jpg,132
frame_000158_flip.jpg,48
frame_000159_org.jpg,132
frame_000159_flip.jpg,48
frame_000160_org.jpg,132
frame_000160_flip.jpg,48
frame_000161_org.jpg,132
frame_000161_flip.jpg,48
frame_000162_org.jpg,132
frame_000162_flip.jpg,48
frame_000163_org.jpg,131
frame_000163_flip.jpg,49
frame_000164_org.jpg,131
frame_000164_flip.jpg,49
frame_000165_org.jpg,131
frame_000165_flip.jpg,49
frame_000166_org.jpg,131
frame_000166_flip.jpg,49
frame_000167_org.jpg,131
frame_000167_flip.jpg,49
frame_000168_org.jpg,131
frame_000168_flip.jpg,49
frame_000169_org.jpg,131
frame_000169_flip.jpg,49
frame_000170_org.jpg,130
frame_000170_flip.jpg,50
frame_000171_org.jpg,130
frame_000171_flip.jpg,50
frame_000172_org.jpg,130
frame_000172_flip.jpg,50
frame_000173_org.jpg,130
frame_000173_flip.jpg,50
frame_000174_org.jpg,130
frame_000174_flip.jpg,50
frame_000175_org.jpg,130
frame_000175_flip.jpg,50
frame_000176_org.jpg,130
frame_000176_flip.jpg,50
frame_000177_org.jpg,130
frame_000177_flip.jpg,50
frame_000178_org.jpg,131
frame_000178_flip.jpg,49
frame_000179_org.jpg,130
frame_000179_flip.jpg,50
frame_000180_org.jpg,131
frame_000180_flip.jpg,49
frame_000181_org.jpg,131
frame_000181_flip.jpg,49
frame_000182_org.jpg,131
frame_000182_flip.jpg,49
frame_000183_org.jpg,131
frame_000183_flip.jpg,49
frame_000184_org.jpg,131
frame_000184_flip.jpg,49
frame_000185_org.jpg,131
frame_000185_flip.jpg,49
frame_000186_org.jpg,131
frame_000186_flip.jpg,49
frame_000187_org.jpg,132
frame_000187_flip.jpg,48
frame_000188_org.jpg,132
frame_000188_flip.jpg,48
frame_000189_org.jpg,132
frame_000189_flip.jpg,48
frame_000190_org.jpg,131
frame_000190_flip.jpg,49
frame_000191_org.jpg,131
frame_000191_flip.jpg,49
frame_000192_org.jpg,131
frame_000192_flip.jpg,49
frame_000193_org.jpg,132
frame_000193_flip.jpg,48
frame_000194_org.jpg,132
frame_000194_flip.jpg,48
frame_000195_org.jpg,132
frame_000195_flip.jpg,48
frame_000196_org.jpg,132
frame_000196_flip.jpg,48
frame_000197_org.jpg,131
frame_000197_flip.jpg,49
frame_000198_org.jpg,131
frame_000198_flip.jpg,49
frame_000199_org.jpg,131
frame_000199_flip.jpg,49
frame_000200_org.jpg,131
frame_000200_flip.jpg,49
frame_000201_org.jpg,131
frame_000201_flip.jpg,49
frame_000202_org.jpg,131
frame_000202_flip.jpg,49
frame_000203_org.jpg,131
frame_000203_flip.jpg,49
frame_000204_org.jpg,131
frame_000204_flip.jpg,49
frame_000205_org.jpg,131
frame_000205_flip.jpg,49
frame_000206_org.jpg,131
frame_000206_flip.jpg,49
frame_000207_org.jpg,131
frame_000207_flip.jpg,49
frame_000208_org.jpg,131
frame_000208_flip.jpg,49
frame_000209_org.jpg,130
frame_000209_flip.jpg,50
frame_000210_org.jpg,130
frame_000210_flip.jpg,50
frame_000211_org.jpg,130
frame_000211_flip.jpg,50
frame_000212_org.jpg,129
frame_000212_flip.jpg,51
frame_000213_org.jpg,129
frame_000213_flip.jpg,51
frame_000214_org.jpg,129
frame_000214_flip.jpg,51
frame_000215_org.jpg,129
frame_000215_flip.jpg,51
frame_000216_org.jpg,128
frame_000216_flip.jpg,52
frame_000217_org.jpg,128
frame_000217_flip.jpg,52
frame_000218_org.jpg,127
frame_000218_flip.jpg,53
frame_000219_org.jpg,127
frame_000219_flip.jpg,53
frame_000220_org.jpg,126
frame_000220_flip.jpg,54
frame_000221_org.jpg,126
frame_000221_flip.jpg,54
frame_000222_org.jpg,126
frame_000222_flip.jpg,54
frame_000223_org.jpg,125
frame_000223_flip.jpg,55
frame_000224_org.jpg,124
frame_000224_flip.jpg,56
frame_000225_org.jpg,123
frame_000225_flip.jpg,57
frame_000226_org.jpg,123
frame_000226_flip.jpg,57
frame_000227_org.jpg,123
frame_000227_flip.jpg,57
frame_000228_org.jpg,122
frame_000228_flip.jpg,58
frame_000229_org.jpg,121
frame_000229_flip.jpg,59
frame_000230_org.jpg,120
frame_000230_flip.jpg,60
frame_000231_org.jpg,120
frame_000231_flip.jpg,60
frame_000232_org.jpg,120
frame_000232_flip.jpg,60
frame_000233_org.jpg,119
frame_000233_flip.jpg,61
frame_000234_org.jpg,118
frame_000234_flip.jpg,62
frame_000235_org.jpg,117
frame_000235_flip.jpg,63
frame_000236_org.jpg,116
frame_000236_flip.jpg,64
frame_000237_org.jpg,115
frame_000237_flip.jpg,65
frame_000238_org.jpg,114
frame_000238_flip.jpg,66
frame_000239_org.jpg,113
frame_000239_flip.jpg,67
frame_000240_org.jpg,113
frame_000240_flip.jpg,67
frame_000241_org.jpg,112
frame_000241_flip.jpg,68
frame_000242_org.jpg,111
frame_000242_flip.jpg,69
frame_000243_org.jpg,109
frame_000243_flip.jpg,71
frame_000244_org.jpg,109
frame_000244_flip.jpg,71
frame_000245_org.jpg,108
frame_000245_flip.jpg,72
frame_000246_org.jpg,107
frame_000246_flip.jpg,73
frame_000247_org.jpg,105
frame_000247_flip.jpg,75
frame_000248_org.jpg,105
frame_000248_flip.jpg,75
frame_000249_org.jpg,104
frame_000249_flip.jpg,76
frame_000250_org.jpg,102
frame_000250_flip.jpg,78
frame_000251_org.jpg,101
frame_000251_flip.jpg,79
frame_000252_org.jpg,101
frame_000252_flip.jpg,79
frame_000253_org.jpg,100
frame_000253_flip.jpg,80
frame_000254_org.jpg,97
frame_000254_flip.jpg,83
frame_000255_org.jpg,97
frame_000255_flip.jpg,83
frame_000256_org.jpg,96
frame_000256_flip.jpg,84
frame_000257_org.jpg,95
frame_000257_flip.jpg,85
frame_000258_org.jpg,94
frame_000258_flip.jpg,86
frame_000259_org.jpg,93
frame_000259_flip.jpg,87
frame_000260_org.jpg,93
frame_000260_flip.jpg,87
frame_000261_org.jpg,91
frame_000261_flip.jpg,89
frame_000262_org.jpg,90
frame_000262_flip.jpg,90
frame_000263_org.jpg,89
frame_000263_flip.jpg,91
frame_000264_org.jpg,89
frame_000264_flip.jpg,91
frame_000265_org.jpg,89
frame_000265_flip.jpg,91
frame_000266_org.jpg,89
frame_000266_flip.jpg,91
frame_000267_org.jpg,89
frame_000267_flip.jpg,91
frame_000268_org.jpg,89
frame_000268_flip.jpg,91
frame_000269_org.jpg,89
frame_000269_flip.jpg,91
frame_000270_org.jpg,89
frame_000270_flip.jpg,91
frame_000271_org.jpg,89
frame_000271_flip.jpg,91
frame_000272_org.jpg,89
frame_000272_flip.jpg,91
frame_000273_org.jpg,89
frame_000273_flip.jpg,91
frame_000274_org.jpg,88
frame_000274_flip.jpg,92
frame_000275_org.jpg,86
frame_000275_flip.jpg,94
frame_000276_org.jpg,85
frame_000276_flip.jpg,95
frame_000277_org.jpg,83
frame_000277_flip.jpg,97
frame_000278_org.jpg,82
frame_000278_flip.jpg,98
frame_000279_org.jpg,81
frame_000279_flip.jpg,99
frame_000280_org.jpg,80
frame_000280_flip.jpg,100
frame_000281_org.jpg,79
frame_000281_flip.jpg,101
frame_000282_org.jpg,78
frame_000282_flip.jpg,102
frame_000283_org.jpg,78
frame_000283_flip.jpg,102
frame_000284_org.jpg,77
frame_000284_flip.jpg,103
frame_000285_org.jpg,76
frame_000285_flip.jpg,104
frame_000286_org.jpg,76
frame_000286_flip.jpg,104
frame_000287_org.jpg,75
frame_000287_flip.jpg,105
frame_000288_org.jpg,74
frame_000288_flip.jpg,106
frame_000289_org.jpg,74
frame_000289_flip.jpg,106
frame_000290_org.jpg,73
frame_000290_flip.jpg,107
frame_000291_org.jpg,73
frame_000291_flip.jpg,107
frame_000292_org.jpg,72
frame_000292_flip.jpg,108
frame_000293_org.jpg,72
frame_000293_flip.jpg,108
frame_000294_org.jpg,71
frame_000294_flip.jpg,109
frame_000295_org.jpg,71
frame_000295_flip.jpg,109
frame_000296_org.jpg,71
frame_000296_flip.jpg,109
frame_000297_org.jpg,70
frame_000297_flip.jpg,110
frame_000298_org.jpg,70
frame_000298_flip.jpg,110
frame_000299_org.jpg,70
frame_000299_flip.jpg,110
frame_000300_org.jpg,70
frame_000300_flip.jpg,110
frame_000301_org.jpg,70
frame_000301_flip.jpg,110
frame_000302_org.jpg,69
frame_000302_flip.jpg,111
frame_000303_org.jpg,69
frame_000303_flip.jpg,111
frame_000304_org.jpg,69
frame_000304_flip.jpg,111
frame_000305_org.jpg,69
frame_000305_flip.jpg,111
frame_000306_org.jpg,69
frame_000306_flip.jpg,111
frame_000307_org.jpg,69
frame_000307_flip.jpg,111
frame_000308_org.jpg,69
frame_000308_flip.jpg,111
frame_000309_org.jpg,69
frame_000309_flip.jpg,111
frame_000310_org.jpg,69
frame_000310_flip.jpg,111
frame_000311_org.jpg,69
frame_000311_flip.jpg,111
frame_000312_org.jpg,69
frame_000312_flip.jpg,111
frame_000313_org.jpg,69
frame_000313_flip.jpg,111
frame_000314_org.jpg,68
frame_000314_flip.jpg,112
frame_000315_org.jpg,68
frame_000315_flip.jpg,112
frame_000316_org.jpg,68
frame_000316_flip.jpg,112
frame_000317_org.jpg,69
frame_000317_flip.jpg,111
frame_000318_org.jpg,69
frame_000318_flip.jpg,111
frame_000319_org.jpg,70
frame_000319_flip.jpg,110
frame_000320_org.jpg,70
frame_000320_flip.jpg,110
frame_000321_org.jpg,70
frame_000321_flip.jpg,110
frame_000322_org.jpg,70
frame_000322_flip.jpg,110
frame_000323_org.jpg,70
frame_000323_flip.jpg,110
frame_000324_org.jpg,70
frame_000324_flip.jpg,110
frame_000325_org.jpg,71
frame_000325_flip.jpg,109
frame_000326_org.jpg,71
frame_000326_flip.jpg,109
frame_000327_org.jpg,71
frame_000327_flip.jpg,109
frame_000328_org.jpg,72
frame_000328_flip.jpg,108
frame_000329_org.jpg,73
frame_000329_flip.jpg,107
frame_000330_org.jpg,73
frame_000330_flip.jpg,107
frame_000331_org.jpg,74
frame_000331_flip.jpg,106
frame_000332_org.jpg,74
frame_000332_flip.jpg,106
frame_000333_org.jpg,74
frame_000333_flip.jpg,106
frame_000334_org.jpg,74
frame_000334_flip.jpg,106
frame_000335_org.jpg,74
frame_000335_flip.jpg,106
frame_000336_org.jpg,74
frame_000336_flip.jpg,106
frame_000337_org.jpg,74
frame_000337_flip.jpg,106
frame_000338_org.jpg,74
frame_000338_flip.jpg,106
frame_000339_org.jpg,74
frame_000339_flip.jpg,106
frame_000340_org.jpg,74
frame_000340_flip.jpg,106
frame_000341_org.jpg,75
frame_000341_flip.jpg,105
frame_000342_org.jpg,75
frame_000342_flip.jpg,105
frame_000343_org.jpg,75
frame_000343_flip.jpg,105
frame_000344_org.jpg,76
frame_000344_flip.jpg,104
frame_000345_org.jpg,76
frame_000345_flip.jpg,104
frame_000346_org.jpg,75
frame_000346_flip.jpg,105
frame_000347_org.jpg,75
frame_000347_flip.jpg,105
frame_000348_org.jpg,76
frame_000348_flip.jpg,104
frame_000349_org.jpg,76
frame_000349_flip.jpg,104
frame_000350_org.jpg,76
frame_000350_flip.jpg,104
frame_000351_org.jpg,77
frame_000351_flip.jpg,103
frame_000352_org.jpg,77
frame_000352_flip.jpg,103
frame_000353_org.jpg,78
frame_000353_flip.jpg,102
frame_000354_org.jpg,78
frame_000354_flip.jpg,102
frame_000355_org.jpg,78
frame_000355_flip.jpg,102
frame_000356_org.jpg,78
frame_000356_flip.jpg,102
frame_000357_org.jpg,78
frame_000357_flip.jpg,102
frame_000358_org.jpg,79
frame_000358_flip.jpg,101
frame_000359_org.jpg,79
frame_000359_flip.jpg,101
frame_000360_org.jpg,79
frame_000360_flip.jpg,101
frame_000361_org.jpg,80
frame_000361_flip.jpg,100
frame_000362_org.jpg,80
frame_000362_flip.jpg,100
frame_000363_org.jpg,81
frame_000363_flip.jpg,99
frame_000364_org.jpg,81
frame_000364_flip.jpg,99
frame_000365_org.jpg,82
frame_000365_flip.jpg,98
frame_000366_org.jpg,82
frame_000366_flip.jpg,98
frame_000367_org.jpg,82
frame_000367_flip.jpg,98
frame_000368_org.jpg,82
frame_000368_flip.jpg,98
frame_000369_org.jpg,83
frame_000369_flip.jpg,97
frame_000370_org.jpg,83
frame_000370_flip.jpg,97
frame_000371_org.jpg,83
frame_000371_flip.jpg,97
frame_000372_org.jpg,83
frame_000372_flip.jpg,97
frame_000373_org.jpg,83
frame_000373_flip.jpg,97
frame_000374_org.jpg,84
frame_000374_flip.jpg,96
frame_000375_org.jpg,84
frame_000375_flip.jpg,96
frame_000376_org.jpg,85
frame_000376_flip.jpg,95
frame_000377_org.jpg,85
frame_000377_flip.jpg,95
frame_000378_org.jpg,86
frame_000378_flip.jpg,94
frame_000379_org.jpg,85
frame_000379_flip.jpg,95
frame_000380_org.jpg,85
frame_000380_flip.jpg,95
frame_000381_org.jpg,85
frame_000381_flip.jpg,95
frame_000382_org.jpg,85
frame_000382_flip.jpg,95
frame_000383_org.jpg,86
frame_000383_flip.jpg,94
frame_000384_org.jpg,86
frame_000384_flip.jpg,94
frame_000385_org.jpg,87
frame_000385_flip.jpg,93
frame_000386_org.jpg,89
frame_000386_flip.jpg,91
frame_000387_org.jpg,89
frame_000387_flip.jpg,91
frame_000388_org.jpg,89
frame_000388_flip.jpg,91
frame_000389_org.jpg,89
frame_000389_flip.jpg,91
frame_000390_org.jpg,89
frame_000390_flip.jpg,91
frame_000391_org.jpg,89
frame_000391_flip.jpg,91
frame_000392_org.jpg,89
frame_000392_flip.jpg,91
frame_000393_org.jpg,89
frame_000393_flip.jpg,91
frame_000394_org.jpg,90
frame_000394_flip.jpg,90
frame_000395_org.jpg,91
frame_000395_flip.jpg,89
frame_000396_org.jpg,92
frame_000396_flip.jpg,88
frame_000397_org.jpg,93
frame_000397_flip.jpg,87
frame_000398_org.jpg,95
frame_000398_flip.jpg,85
frame_000399_org.jpg,97
frame_000399_flip.jpg,83
frame_000400_org.jpg,98
frame_000400_flip.jpg,82
frame_000401_org.jpg,100
frame_000401_flip.jpg,80
frame_000402_org.jpg,101
frame_000402_flip.jpg,79
frame_000403_org.jpg,102
frame_000403_flip.jpg,78
frame_000404_org.jpg,104
frame_000404_flip.jpg,76
frame_000405_org.jpg,105
frame_000405_flip.jpg,75
frame_000406_org.jpg,108
frame_000406_flip.jpg,72
frame_000407_org.jpg,109
frame_000407_flip.jpg,71
frame_000408_org.jpg,111
frame_000408_flip.jpg,69
frame_000409_org.jpg,113
frame_000409_flip.jpg,67
frame_000410_org.jpg,114
frame_000410_flip.jpg,66
frame_000411_org.jpg,116
frame_000411_flip.jpg,64
frame_000412_org.jpg,118
frame_000412_flip.jpg,62
frame_000413_org.jpg,120
frame_000413_flip.jpg,60
frame_000414_org.jpg,121
frame_000414_flip.jpg,59
frame_000415_org.jpg,123
frame_000415_flip.jpg,57
frame_000416_org.jpg,124
frame_000416_flip.jpg,56
frame_000417_org.jpg,125
frame_000417_flip.jpg,55
frame_000418_org.jpg,126
frame_000418_flip.jpg,54
frame_000419_org.jpg,128
frame_000419_flip.jpg,52
frame_000420_org.jpg,129
frame_000420_flip.jpg,51
frame_000421_org.jpg,129
frame_000421_flip.jpg,51
frame_000422_org.jpg,130
frame_000422_flip.jpg,50
frame_000423_org.jpg,132
frame_000423_flip.jpg,48
frame_000424_org.jpg,132
frame_000424_flip.jpg,48
frame_000425_org.jpg,133
frame_000425_flip.jpg,47
frame_000426_org.jpg,134
frame_000426_flip.jpg,46
frame_000427_org.jpg,134
frame_000427_flip.jpg,46
frame_000428_org.jpg,134
frame_000428_flip.jpg,46
frame_000429_org.jpg,134
frame_000429_flip.jpg,46
frame_000430_org.jpg,135
frame_000430_flip.jpg,45
frame_000431_org.jpg,135
frame_000431_flip.jpg,45
frame_000432_org.jpg,135
frame_000432_flip.jpg,45
frame_000433_org.jpg,135
frame_000433_flip.jpg,45
frame_000434_org.jpg,135
frame_000434_flip.jpg,45
frame_000435_org.jpg,135
frame_000435_flip.jpg,45
frame_000436_org.jpg,134
frame_000436_flip.jpg,46
frame_000437_org.jpg,134
frame_000437_flip.jpg,46
frame_000438_org.jpg,134
frame_000438_flip.jpg,46
frame_000439_org.jpg,134
frame_000439_flip.jpg,46
frame_000440_org.jpg,134
frame_000440_flip.jpg,46
frame_000441_org.jpg,134
frame_000441_flip.jpg,46
frame_000442_org.jpg,133
frame_000442_flip.jpg,47
frame_000443_org.jpg,133
frame_000443_flip.jpg,47
frame_000444_org.jpg,133
frame_000444_flip.jpg,47
frame_000445_org.jpg,133
frame_000445_flip.jpg,47
frame_000446_org.jpg,133
frame_000446_flip.jpg,47
frame_000447_org.jpg,132
frame_000447_flip.jpg,48
frame_000448_org.jpg,132
frame_000448_flip.jpg,48
frame_000449_org.jpg,132
frame_000449_flip.jpg,48
frame_000450_org.jpg,132
frame_000450_flip.jpg,48
frame_000451_org.jpg,132
frame_000451_flip.jpg,48
frame_000452_org.jpg,132
frame_000452_flip.jpg,48
frame_000453_org.jpg,131
frame_000453_flip.jpg,49
frame_000454_org.jpg,131
frame_000454_flip.jpg,49
frame_000455_org.jpg,131
frame_000455_flip.jpg,49
frame_000456_org.jpg,131
frame_000456_flip.jpg,49
frame_000457_org.jpg,131
frame_000457_flip.jpg,49
frame_000458_org.jpg,131
frame_000458_flip.jpg,49
frame_000459_org.jpg,130
frame_000459_flip.jpg,50
frame_000460_org.jpg,130
frame_000460_flip.jpg,50
frame_000461_org.jpg,130
frame_000461_flip.jpg,50
frame_000462_org.jpg,130
frame_000462_flip.jpg,50
frame_000463_org.jpg,130
frame_000463_flip.jpg,50
frame_000464_org.jpg,129
frame_000464_flip.jpg,51
frame_000465_org.jpg,129
frame_000465_flip.jpg,51
frame_000466_org.jpg,129
frame_000466_flip.jpg,51
frame_000467_org.jpg,129
frame_000467_flip.jpg,51
frame_000468_org.jpg,129
frame_000468_flip.jpg,51
frame_000469_org.jpg,129
frame_000469_flip.jpg,51
frame_000470_org.jpg,129
frame_000470_flip.jpg,51
frame_000471_org.jpg,129
frame_000471_flip.jpg,51
frame_000472_org.jpg,129
frame_000472_flip.jpg,51
frame_000473_org.jpg,129
frame_000473_flip.jpg,51
frame_000474_org.jpg,129
frame_000474_flip.jpg,51
frame_000475_org.jpg,129
frame_000475_flip.jpg,51
frame_000476_org.jpg,129
frame_000476_flip.jpg,51
frame_000477_org.jpg,129
frame_000477_flip.jpg,51
frame_000478_org.jpg,129
frame_000478_flip.jpg,51
frame_000479_org.jpg,129
frame_000479_flip.jpg,51
frame_000480_org.jpg,129
frame_000480_flip.jpg,51
frame_000481_org.jpg,129
frame_000481_flip.jpg,51
frame_000482_org.jpg,129
frame_000482_flip.jpg,51
frame_000483_org.jpg,129
frame_000483_flip.jpg,51
frame_000484_org.jpg,129
frame_000484_flip.jpg,51
frame_000485_org.jpg,128
frame_000485_flip.jpg,52
frame_000486_org.jpg,128
frame_000486_flip.jpg,52
frame_000487_org.jpg,128
frame_000487_flip.jpg,52
frame_000488_org.jpg,128
frame_000488_flip.jpg,52
frame_000489_org.jpg,128
frame_000489_flip.jpg,52
frame_000490_org.jpg,127
frame_000490_flip.jpg,53
frame_000491_org.jpg,127
frame_000491_flip.jpg,53
frame_000492_org.jpg,126
frame_000492_flip.jpg,54
frame_000493_org.jpg,126
frame_000493_flip.jpg,54
frame_000494_org.jpg,126
frame_000494_flip.jpg,54
frame_000495_org.jpg,126
frame_000495_flip.jpg,54
frame_000496_org.jpg,126
frame_000496_flip.jpg,54
frame_000497_org.jpg,126
frame_000497_flip.jpg,54
frame_000498_org.jpg,126
frame_000498_flip.jpg,54
frame_000499_org.jpg,126
frame_000499_flip.jpg,54
frame_000500_org.jpg,126
frame_000500_flip.jpg,54
frame_000501_org.jpg,126
frame_000501_flip.jpg,54
frame_000502_org.jpg,126
frame_000502_flip.jpg,54
frame_000503_org.jpg,126
frame_000503_flip.jpg,54
frame_000504_org.jpg,126
frame_000504_flip.jpg,54
frame_000505_org.jpg,126
frame_000505_flip.jpg,54
frame_000506_org.jpg,126
frame_000506_flip.jpg,54
frame_000507_org.jpg,126
frame_000507_flip.jpg,54
frame_000508_org.jpg,126
frame_000508_flip.jpg,54
frame_000509_org.jpg,126
frame_000509_flip.jpg,54
frame_000510_org.jpg,126
frame_000510_flip.jpg,54
frame_000511_org.jpg,126
frame_000511_flip.jpg,54
frame_000512_org.jpg,125
frame_000512_flip.jpg,55
frame_000513_org.jpg,125
frame_000513_flip.jpg,55
frame_000514_org.jpg,125
frame_000514_flip.jpg,55
frame_000515_org.jpg,125
frame_000515_flip.jpg,55
frame_000516_org.jpg,125
frame_000516_flip.jpg,55
frame_000517_org.jpg,125
frame_000517_flip.jpg,55
frame_000518_org.jpg,125
frame_000518_flip.jpg,55
frame_000519_org.jpg,125
frame_000519_flip.jpg,55
frame_000520_org.jpg,125
frame_000520_flip.jpg,55
frame_000521_org.jpg,125
frame_000521_flip.jpg,55
frame_000522_org.jpg,124
frame_000522_flip.jpg,56
frame_000523_org.jpg,124
frame_000523_flip.jpg,56
frame_000524_org.jpg,125
frame_000524_flip.jpg,55
frame_000525_org.jpg,125
frame_000525_flip.jpg,55
frame_000526_org.jpg,126
frame_000526_flip.jpg,54
frame_000527_org.jpg,126
frame_000527_flip.jpg,54
frame_000528_org.jpg,126
frame_000528_flip.jpg,54
frame_000529_org.jpg,126
frame_000529_flip.jpg,54
frame_000530_org.jpg,126
frame_000530_flip.jpg,54
frame_000531_org.jpg,126
frame_000531_flip.jpg,54
frame_000532_org.jpg,126
frame_000532_flip.jpg,54
frame_000533_org.jpg,89
frame_000533_flip.jpg,91
frame_000534_org.jpg,126
frame_000534_flip.jpg,54
frame_000535_org.jpg,126
frame_000535_flip.jpg,54
frame_000536_org.jpg,126
frame_000536_flip.jpg,54
frame_000537_org.jpg,126
frame_000537_flip.jpg,54
frame_000538_org.jpg,126
frame_000538_flip.jpg,54
frame_000539_org.jpg,126
frame_000539_flip.jpg,54
frame_000540_org.jpg,126
frame_000540_flip.jpg,54
frame_000541_org.jpg,126
frame_000541_flip.jpg,54
frame_000542_org.jpg,126
frame_000542_flip.jpg,54
frame_000543_org.jpg,125
frame_000543_flip.jpg,55
frame_000544_org.jpg,125
frame_000544_flip.jpg,55
frame_000545_org.jpg,125
frame_000545_flip.jpg,55
frame_000546_org.jpg,125
frame_000546_flip.jpg,55
frame_000547_org.jpg,125
frame_000547_flip.jpg,55
frame_000548_org.jpg,126
frame_000548_flip.jpg,54
frame_000549_org.jpg,125
frame_000549_flip.jpg,55
frame_000550_org.jpg,125
frame_000550_flip.jpg,55
frame_000551_org.jpg,125
frame_000551_flip.jpg,55
frame_000552_org.jpg,125
frame_000552_flip.jpg,55
frame_000553_org.jpg,125
frame_000553_flip.jpg,55
frame_000554_org.jpg,125
frame_000554_flip.jpg,55
frame_000555_org.jpg,125
frame_000555_flip.jpg,55
frame_000556_org.jpg,125
frame_000556_flip.jpg,55
frame_000557_org.jpg,125
frame_000557_flip.jpg,55
frame_000558_org.jpg,125
frame_000558_flip.jpg,55
frame_000559_org.jpg,125
frame_000559_flip.jpg,55
frame_000560_org.jpg,125
frame_000560_flip.jpg,55
frame_000561_org.jpg,125
frame_000561_flip.jpg,55
frame_000562_org.jpg,125
frame_000562_flip.jpg,55
frame_000563_org.jpg,125
frame_000563_flip.jpg,55
frame_000564_org.jpg,125
frame_000564_flip.jpg,55
frame_000565_org.jpg,125
frame_000565_flip.jpg,55
frame_000566_org.jpg,125
frame_000566_flip.jpg,55
frame_000567_org.jpg,126
frame_000567_flip.jpg,54
frame_000568_org.jpg,126
frame_000568_flip.jpg,54
frame_000569_org.jpg,126
frame_000569_flip.jpg,54
frame_000570_org.jpg,126
frame_000570_flip.jpg,54
frame_000571_org.jpg,126
frame_000571_flip.jpg,54
frame_000572_org.jpg,126
frame_000572_flip.jpg,54
frame_000573_org.jpg,126
frame_000573_flip.jpg,54
frame_000574_org.jpg,126
frame_000574_flip.jpg,54
frame_000575_org.jpg,127
frame_000575_flip.jpg,53
frame_000576_org.jpg,127
frame_000576_flip.jpg,53
frame_000577_org.jpg,127
frame_000577_flip.jpg,53
frame_000578_org.jpg,128
frame_000578_flip.jpg,52
frame_000579_org.jpg,128
frame_000579_flip.jpg,52
frame_000580_org.jpg,128
frame_000580_flip.jpg,52
frame_000581_org.jpg,129
frame_000581_flip.jpg,51
frame_000582_org.jpg,129
frame_000582_flip.jpg,51
frame_000583_org.jpg,129
frame_000583_flip.jpg,51
frame_000584_org.jpg,129
frame_000584_flip.jpg,51
frame_000585_org.jpg,130
frame_000585_flip.jpg,50
frame_000586_org.jpg,130
frame_000586_flip.jpg,50
frame_000587_org.jpg,130
frame_000587_flip.jpg,50
frame_000588_org.jpg,131
frame_000588_flip.jpg,49
frame_000589_org.jpg,131
frame_000589_flip.jpg,49
frame_000590_org.jpg,131
frame_000590_flip.jpg,49
frame_000591_org.jpg,132
frame_000591_flip.jpg,48
frame_000592_org.jpg,132
frame_000592_flip.jpg,48
frame_000593_org.jpg,132
frame_000593_flip.jpg,48
frame_000594_org.jpg,132
frame_000594_flip.jpg,48
frame_000595_org.jpg,132
frame_000595_flip.jpg,48
frame_000596_org.jpg,133
frame_000596_flip.jpg,47
frame_000597_org.jpg,133
frame_000597_flip.jpg,47
frame_000598_org.jpg,133
frame_000598_flip.jpg,47
frame_000599_org.jpg,89
frame_000599_flip.jpg,91
frame_000600_org.jpg,134
frame_000600_flip.jpg,46
frame_000601_org.jpg,134
frame_000601_flip.jpg,46
frame_000602_org.jpg,134
frame_000602_flip.jpg,46
frame_000603_org.jpg,134
frame_000603_flip.jpg,46
frame_000604_org.jpg,134
frame_000604_flip.jpg,46
frame_000605_org.jpg,134
frame_000605_flip.jpg,46
frame_000606_org.jpg,134
frame_000606_flip.jpg,46
frame_000607_org.jpg,134
frame_000607_flip.jpg,46
frame_000608_org.jpg,135
frame_000608_flip.jpg,45
frame_000609_org.jpg,135
frame_000609_flip.jpg,45
frame_000610_org.jpg,89
frame_000610_flip.jpg,91
frame_000611_org.jpg,89
frame_000611_flip.jpg,91
frame_000612_org.jpg,89
frame_000612_flip.jpg,91
frame_000613_org.jpg,135
frame_000613_flip.jpg,45
frame_000614_org.jpg,135
frame_000614_flip.jpg,45
frame_000615_org.jpg,135
frame_000615_flip.jpg,45
frame_000616_org.jpg,135
frame_000616_flip.jpg,45
frame_000617_org.jpg,135
frame_000617_flip.jpg,45
frame_000618_org.jpg,135
frame_000618_flip.jpg,45
frame_000619_org.jpg,135
frame_000619_flip.jpg,45
frame_000620_org.jpg,135
frame_000620_flip.jpg,45
frame_000621_org.jpg,135
frame_000621_flip.jpg,45
frame_000622_org.jpg,135
frame_000622_flip.jpg,45
frame_000623_org.jpg,135
frame_000623_flip.jpg,45
frame_000624_org.jpg,135
frame_000624_flip.jpg,45
frame_000625_org.jpg,135
frame_000625_flip.jpg,45
frame_000626_org.jpg,135
frame_000626_flip.jpg,45
frame_000627_org.jpg,135
frame_000627_flip.jpg,45
frame_000628_org.jpg,135
frame_000628_flip.jpg,45
frame_000629_org.jpg,135
frame_000629_flip.jpg,45
frame_000630_org.jpg,134
frame_000630_flip.jpg,46
frame_000631_org.jpg,134
frame_000631_flip.jpg,46
frame_000632_org.jpg,134
frame_000632_flip.jpg,46
frame_000633_org.jpg,134
frame_000633_flip.jpg,46
frame_000634_org.jpg,134
frame_000634_flip.jpg,46
frame_000635_org.jpg,133
frame_000635_flip.jpg,47
frame_000636_org.jpg,133
frame_000636_flip.jpg,47
frame_000637_org.jpg,133
frame_000637_flip.jpg,47
frame_000638_org.jpg,133
frame_000638_flip.jpg,47
frame_000639_org.jpg,132
frame_000639_flip.jpg,48
frame_000640_org.jpg,132
frame_000640_flip.jpg,48
frame_000641_org.jpg,132
frame_000641_flip.jpg,48
frame_000642_org.jpg,132
frame_000642_flip.jpg,48
frame_000643_org.jpg,132
frame_000643_flip.jpg,48
frame_000644_org.jpg,132
frame_000644_flip.jpg,48
frame_000645_org.jpg,132
frame_000645_flip.jpg,48
frame_000646_org.jpg,132
frame_000646_flip.jpg,48
frame_000647_org.jpg,131
frame_000647_flip.jpg,49
frame_000648_org.jpg,131
frame_000648_flip.jpg,49
frame_000649_org.jpg,130
frame_000649_flip.jpg,50
frame_000650_org.jpg,130
frame_000650_flip.jpg,50
frame_000651_org.jpg,130
frame_000651_flip.jpg,50
frame_000652_org.jpg,129
frame_000652_flip.jpg,51
frame_000653_org.jpg,129
frame_000653_flip.jpg,51
frame_000654_org.jpg,129
frame_000654_flip.jpg,51
frame_000655_org.jpg,129
frame_000655_flip.jpg,51
frame_000656_org.jpg,128
frame_000656_flip.jpg,52
frame_000657_org.jpg,128
frame_000657_flip.jpg,52
frame_000658_org.jpg,128
frame_000658_flip.jpg,52
frame_000659_org.jpg,128
frame_000659_flip.jpg,52
frame_000660_org.jpg,128
frame_000660_flip.jpg,52
frame_000661_org.jpg,127
frame_000661_flip.jpg,53
frame_000662_org.jpg,127
frame_000662_flip.jpg,53
frame_000663_org.jpg,126
frame_000663_flip.jpg,54
frame_000664_org.jpg,126
frame_000664_flip.jpg,54
frame_000665_org.jpg,126
frame_000665_flip.jpg,54
frame_000666_org.jpg,126
frame_000666_flip.jpg,54
frame_000667_org.jpg,126
frame_000667_flip.jpg,54
frame_000668_org.jpg,126
frame_000668_flip.jpg,54
frame_000669_org.jpg,126
frame_000669_flip.jpg,54
frame_000670_org.jpg,126
frame_000670_flip.jpg,54
frame_000671_org.jpg,125
frame_000671_flip.jpg,55
frame_000672_org.jpg,125
frame_000672_flip.jpg,55
frame_000673_org.jpg,125
frame_000673_flip.jpg,55
frame_000674_org.jpg,124
frame_000674_flip.jpg,56
frame_000675_org.jpg,124
frame_000675_flip.jpg,56
frame_000676_org.jpg,123
frame_000676_flip.jpg,57
frame_000677_org.jpg,123
frame_000677_flip.jpg,57
frame_000678_org.jpg,123
frame_000678_flip.jpg,57
frame_000679_org.jpg,123
frame_000679_flip.jpg,57
frame_000680_org.jpg,123
frame_000680_flip.jpg,57
frame_000681_org.jpg,123
frame_000681_flip.jpg,57
frame_000682_org.jpg,123
frame_000682_flip.jpg,57
frame_000683_org.jpg,122
frame_000683_flip.jpg,58
frame_000684_org.jpg,122
frame_000684_flip.jpg,58
frame_000685_org.jpg,122
frame_000685_flip.jpg,58
frame_000686_org.jpg,121
frame_000686_flip.jpg,59
frame_000687_org.jpg,121
frame_000687_flip.jpg,59
frame_000688_org.jpg,121
frame_000688_flip.jpg,59
frame_000689_org.jpg,120
frame_000689_flip.jpg,60
frame_000690_org.jpg,120
frame_000690_flip.jpg,60
frame_000691_org.jpg,120
frame_000691_flip.jpg,60
frame_000692_org.jpg,120
frame_000692_flip.jpg,60
frame_000693_org.jpg,120
frame_000693_flip.jpg,60
frame_000694_org.jpg,119
frame_000694_flip.jpg,61
frame_000695_org.jpg,119
frame_000695_flip.jpg,61
frame_000696_org.jpg,119
frame_000696_flip.jpg,61
frame_000697_org.jpg,118
frame_000697_flip.jpg,62
frame_000698_org.jpg,118
frame_000698_flip.jpg,62
frame_000699_org.jpg,118
frame_000699_flip.jpg,62
frame_000700_org.jpg,117
frame_000700_flip.jpg,63
frame_000701_org.jpg,117
frame_000701_flip.jpg,63
frame_000702_org.jpg,116
frame_000702_flip.jpg,64
frame_000703_org.jpg,116
frame_000703_flip.jpg,64
frame_000704_org.jpg,116
frame_000704_flip.jpg,64
frame_000705_org.jpg,116
frame_000705_flip.jpg,64
frame_000706_org.jpg,115
frame_000706_flip.jpg,65
frame_000707_org.jpg,114
frame_000707_flip.jpg,66
frame_000708_org.jpg,113
frame_000708_flip.jpg,67
frame_000709_org.jpg,113
frame_000709_flip.jpg,67
frame_000710_org.jpg,111
frame_000710_flip.jpg,69
frame_000711_org.jpg,110
frame_000711_flip.jpg,70
frame_000712_org.jpg,109
frame_000712_flip.jpg,71
frame_000713_org.jpg,109
frame_000713_flip.jpg,71
frame_000714_org.jpg,107
frame_000714_flip.jpg,73
frame_000715_org.jpg,106
frame_000715_flip.jpg,74
frame_000716_org.jpg,105
frame_000716_flip.jpg,75
frame_000717_org.jpg,104
frame_000717_flip.jpg,76
frame_000718_org.jpg,102
frame_000718_flip.jpg,78
frame_000719_org.jpg,101
frame_000719_flip.jpg,79
frame_000720_org.jpg,100
frame_000720_flip.jpg,80
frame_000721_org.jpg,99
frame_000721_flip.jpg,81
frame_000722_org.jpg,97
frame_000722_flip.jpg,83
frame_000723_org.jpg,96
frame_000723_flip.jpg,84
frame_000724_org.jpg,94
frame_000724_flip.jpg,86
frame_000725_org.jpg,93
frame_000725_flip.jpg,87
frame_000726_org.jpg,92
frame_000726_flip.jpg,88
frame_000727_org.jpg,90
frame_000727_flip.jpg,90
frame_000728_org.jpg,89
frame_000728_flip.jpg,91
frame_000729_org.jpg,89
frame_000729_flip.jpg,91
frame_000730_org.jpg,89
frame_000730_flip.jpg,91
frame_000731_org.jpg,89
frame_000731_flip.jpg,91
frame_000732_org.jpg,89
frame_000732_flip.jpg,91
frame_000733_org.jpg,89
frame_000733_flip.jpg,91
frame_000734_org.jpg,89
frame_000734_flip.jpg,91
frame_000735_org.jpg,87
frame_000735_flip.jpg,93
frame_000736_org.jpg,83
frame_000736_flip.jpg,97
frame_000737_org.jpg,82
frame_000737_flip.jpg,98
frame_000738_org.jpg,81
frame_000738_flip.jpg,99
frame_000739_org.jpg,80
frame_000739_flip.jpg,100
frame_000740_org.jpg,79
frame_000740_flip.jpg,101
frame_000741_org.jpg,78
frame_000741_flip.jpg,102
frame_000742_org.jpg,78
frame_000742_flip.jpg,102
frame_000743_org.jpg,77
frame_000743_flip.jpg,103
frame_000744_org.jpg,76
frame_000744_flip.jpg,104
frame_000745_org.jpg,75
frame_000745_flip.jpg,105
frame_000746_org.jpg,74
frame_000746_flip.jpg,106
frame_000747_org.jpg,74
frame_000747_flip.jpg,106
frame_000748_org.jpg,74
frame_000748_flip.jpg,106
frame_000749_org.jpg,74
frame_000749_flip.jpg,106
frame_000750_org.jpg,74
frame_000750_flip.jpg,106
frame_000751_org.jpg,74
frame_000751_flip.jpg,106
frame_000752_org.jpg,74
frame_000752_flip.jpg,106
frame_000753_org.jpg,74
frame_000753_flip.jpg,106
frame_000754_org.jpg,73
frame_000754_flip.jpg,107
frame_000755_org.jpg,73
frame_000755_flip.jpg,107
frame_000756_org.jpg,72
frame_000756_flip.jpg,108
frame_000757_org.jpg,72
frame_000757_flip.jpg,108
frame_000758_org.jpg,72
frame_000758_flip.jpg,108
frame_000759_org.jpg,72
frame_000759_flip.jpg,108
frame_000760_org.jpg,72
frame_000760_flip.jpg,108
frame_000761_org.jpg,72
frame_000761_flip.jpg,108
frame_000762_org.jpg,72
frame_000762_flip.jpg,108
frame_000763_org.jpg,72
frame_000763_flip.jpg,108
frame_000764_org.jpg,72
frame_000764_flip.jpg,108
frame_000765_org.jpg,72
frame_000765_flip.jpg,108
frame_000766_org.jpg,72
frame_000766_flip.jpg,108
frame_000767_org.jpg,72
frame_000767_flip.jpg,108
frame_000768_org.jpg,71
frame_000768_flip.jpg,109
frame_000769_org.jpg,71
frame_000769_flip.jpg,109
frame_000770_org.jpg,71
frame_000770_flip.jpg,109
frame_000771_org.jpg,72
frame_000771_flip.jpg,108
frame_000772_org.jpg,72
frame_000772_flip.jpg,108
frame_000773_org.jpg,71
frame_000773_flip.jpg,109
frame_000774_org.jpg,72
frame_000774_flip.jpg,108
frame_000775_org.jpg,72
frame_000775_flip.jpg,108
frame_000776_org.jpg,72
frame_000776_flip.jpg,108
frame_000777_org.jpg,76
frame_000777_flip.jpg,104
frame_000778_org.jpg,76
frame_000778_flip.jpg,104
frame_000779_org.jpg,75
frame_000779_flip.jpg,105
frame_000780_org.jpg,75
frame_000780_flip.jpg,105
frame_000781_org.jpg,75
frame_000781_flip.jpg,105
frame_000782_org.jpg,75
frame_000782_flip.jpg,105
frame_000783_org.jpg,74
frame_000783_flip.jpg,106
frame_000784_org.jpg,74
frame_000784_flip.jpg,106
frame_000785_org.jpg,74
frame_000785_flip.jpg,106
frame_000786_org.jpg,74
frame_000786_flip.jpg,106
frame_000787_org.jpg,75
frame_000787_flip.jpg,105
frame_000788_org.jpg,75
frame_000788_flip.jpg,105
frame_000789_org.jpg,85
frame_000789_flip.jpg,95
frame_000790_org.jpg,85
frame_000790_flip.jpg,95
frame_000791_org.jpg,86
frame_000791_flip.jpg,94
frame_000792_org.jpg,83
frame_000792_flip.jpg,97
frame_000793_org.jpg,79
frame_000793_flip.jpg,101
frame_000794_org.jpg,77
frame_000794_flip.jpg,103
frame_000795_org.jpg,75
frame_000795_flip.jpg,105
frame_000796_org.jpg,74
frame_000796_flip.jpg,106
frame_000797_org.jpg,74
frame_000797_flip.jpg,106
frame_000798_org.jpg,72
frame_000798_flip.jpg,108
frame_000799_org.jpg,58
frame_000799_flip.jpg,122
frame_000800_org.jpg,56
frame_000800_flip.jpg,124
frame_000801_org.jpg,56
frame_000801_flip.jpg,124
frame_000802_org.jpg,56
frame_000802_flip.jpg,124
frame_000803_org.jpg,56
frame_000803_flip.jpg,124
frame_000804_org.jpg,55
frame_000804_flip.jpg,125
frame_000805_org.jpg,56
frame_000805_flip.jpg,124
frame_000806_org.jpg,56
frame_000806_flip.jpg,124
frame_000807_org.jpg,56
frame_000807_flip.jpg,124
frame_000808_org.jpg,56
frame_000808_flip.jpg,124
frame_000809_org.jpg,57
frame_000809_flip.jpg,123
frame_000810_org.jpg,59
frame_000810_flip.jpg,121
frame_000811_org.jpg,62
frame_000811_flip.jpg,118
frame_000812_org.jpg,63
frame_000812_flip.jpg,117
frame_000813_org.jpg,66
frame_000813_flip.jpg,114
frame_000814_org.jpg,68
frame_000814_flip.jpg,112
frame_000815_org.jpg,71
frame_000815_flip.jpg,109
frame_000816_org.jpg,74
frame_000816_flip.jpg,106
frame_000817_org.jpg,77
frame_000817_flip.jpg,103
frame_000818_org.jpg,79
frame_000818_flip.jpg,101
frame_000819_org.jpg,82
frame_000819_flip.jpg,98
frame_000820_org.jpg,86
frame_000820_flip.jpg,94
frame_000821_org.jpg,88
frame_000821_flip.jpg,92
frame_000822_org.jpg,89
frame_000822_flip.jpg,91
frame_000823_org.jpg,89
frame_000823_flip.jpg,91
frame_000824_org.jpg,89
frame_000824_flip.jpg,91
frame_000825_org.jpg,89
frame_000825_flip.jpg,91
frame_000826_org.jpg,89
frame_000826_flip.jpg,91
frame_000827_org.jpg,89
frame_000827_flip.jpg,91
frame_000828_org.jpg,89
frame_000828_flip.jpg,91
frame_000829_org.jpg,89
frame_000829_flip.jpg,91
frame_000830_org.jpg,89
frame_000830_flip.jpg,91
frame_000831_org.jpg,89
frame_000831_flip.jpg,91
frame_000832_org.jpg,89
frame_000832_flip.jpg,91
frame_000833_org.jpg,89
frame_000833_flip.jpg,91
frame_000834_org.jpg,88
frame_000834_flip.jpg,92
frame_000835_org.jpg,87
frame_000835_flip.jpg,93
frame_000836_org.jpg,86
frame_000836_flip.jpg,94
frame_000837_org.jpg,85
frame_000837_flip.jpg,95
frame_000838_org.jpg,83
frame_000838_flip.jpg,97
frame_000839_org.jpg,82
frame_000839_flip.jpg,98
frame_000840_org.jpg,75
frame_000840_flip.jpg,105
frame_000841_org.jpg,74
frame_000841_flip.jpg,106
frame_000842_org.jpg,71
frame_000842_flip.jpg,109
frame_000843_org.jpg,70
frame_000843_flip.jpg,110
frame_000844_org.jpg,66
frame_000844_flip.jpg,114
frame_000845_org.jpg,65
frame_000845_flip.jpg,115
frame_000846_org.jpg,63
frame_000846_flip.jpg,117
frame_000847_org.jpg,59
frame_000847_flip.jpg,121
frame_000848_org.jpg,58
frame_000848_flip.jpg,122
frame_000849_org.jpg,56
frame_000849_flip.jpg,124
frame_000850_org.jpg,53
frame_000850_flip.jpg,127
frame_000851_org.jpg,51
frame_000851_flip.jpg,129
frame_000852_org.jpg,50
frame_000852_flip.jpg,130
frame_000853_org.jpg,48
frame_000853_flip.jpg,132
frame_000854_org.jpg,47
frame_000854_flip.jpg,133
frame_000855_org.jpg,46
frame_000855_flip.jpg,134
frame_000856_org.jpg,45
frame_000856_flip.jpg,135
frame_000857_org.jpg,45
frame_000857_flip.jpg,135
frame_000858_org.jpg,45
frame_000858_flip.jpg,135
frame_000859_org.jpg,45
frame_000859_flip.jpg,135
frame_000860_org.jpg,45
frame_000860_flip.jpg,135
frame_000861_org.jpg,45
frame_000861_flip.jpg,135
frame_000862_org.jpg,45
frame_000862_flip.jpg,135
frame_000863_org.jpg,45
frame_000863_flip.jpg,135
frame_000864_org.jpg,45
frame_000864_flip.jpg,135
frame_000865_org.jpg,45
frame_000865_flip.jpg,135
frame_000866_org.jpg,45
frame_000866_flip.jpg,135
frame_000867_org.jpg,45
frame_000867_flip.jpg,135
frame_000868_org.jpg,45
frame_000868_flip.jpg,135
frame_000869_org.jpg,45
frame_000869_flip.jpg,135
frame_000870_org.jpg,45
frame_000870_flip.jpg,135
frame_000871_org.jpg,45
frame_000871_flip.jpg,135
frame_000872_org.jpg,45
frame_000872_flip.jpg,135
frame_000873_org.jpg,45
frame_000873_flip.jpg,135
frame_000874_org.jpg,45
frame_000874_flip.jpg,135
frame_000875_org.jpg,45
frame_000875_flip.jpg,135
frame_000876_org.jpg,47
frame_000876_flip.jpg,133
frame_000877_org.jpg,48
frame_000877_flip.jpg,132
frame_000878_org.jpg,50
frame_000878_flip.jpg,130
frame_000879_org.jpg,51
frame_000879_flip.jpg,129
frame_000880_org.jpg,52
frame_000880_flip.jpg,128
frame_000881_org.jpg,53
frame_000881_flip.jpg,127
frame_000882_org.jpg,53
frame_000882_flip.jpg,127
frame_000883_org.jpg,53
frame_000883_flip.jpg,127
frame_000884_org.jpg,53
frame_000884_flip.jpg,127
frame_000885_org.jpg,54
frame_000885_flip.jpg,126
frame_000886_org.jpg,55
frame_000886_flip.jpg,125
frame_000887_org.jpg,55
frame_000887_flip.jpg,125
frame_000888_org.jpg,56
frame_000888_flip.jpg,124
frame_000889_org.jpg,56
frame_000889_flip.jpg,124
frame_000890_org.jpg,56
frame_000890_flip.jpg,124
frame_000891_org.jpg,56
frame_000891_flip.jpg,124
frame_000892_org.jpg,55
frame_000892_flip.jpg,125
frame_000893_org.jpg,55
frame_000893_flip.jpg,125
frame_000894_org.jpg,54
frame_000894_flip.jpg,126
frame_000895_org.jpg,54
frame_000895_flip.jpg,126
frame_000896_org.jpg,54
frame_000896_flip.jpg,126
frame_000897_org.jpg,54
frame_000897_flip.jpg,126
frame_000898_org.jpg,53
frame_000898_flip.jpg,127
frame_000899_org.jpg,53
frame_000899_flip.jpg,127
frame_000900_org.jpg,53
frame_000900_flip.jpg,127
frame_000901_org.jpg,52
frame_000901_flip.jpg,128
frame_000902_org.jpg,51
frame_000902_flip.jpg,129
frame_000903_org.jpg,51
frame_000903_flip.jpg,129
frame_000904_org.jpg,50
frame_000904_flip.jpg,130
frame_000905_org.jpg,50
frame_000905_flip.jpg,130
frame_000906_org.jpg,49
frame_000906_flip.jpg,131
frame_000907_org.jpg,48
frame_000907_flip.jpg,132
frame_000908_org.jpg,48
frame_000908_flip.jpg,132
frame_000909_org.jpg,47
frame_000909_flip.jpg,133
frame_000910_org.jpg,47
frame_000910_flip.jpg,133
frame_000911_org.jpg,47
frame_000911_flip.jpg,133
frame_000912_org.jpg,46
frame_000912_flip.jpg,134
frame_000913_org.jpg,46
frame_000913_flip.jpg,134
frame_000914_org.jpg,45
frame_000914_flip.jpg,135
frame_000915_org.jpg,45
frame_000915_flip.jpg,135
frame_000916_org.jpg,45
frame_000916_flip.jpg,135
frame_000917_org.jpg,45
frame_000917_flip.jpg,135
frame_000918_org.jpg,45
frame_000918_flip.jpg,135
frame_000919_org.jpg,45
frame_000919_flip.jpg,135
frame_000920_org.jpg,45
frame_000920_flip.jpg,135
frame_000921_org.jpg,45
frame_000921_flip.jpg,135
frame_000922_org.jpg,45
frame_000922_flip.jpg,135
frame_000923_org.jpg,45
frame_000923_flip.jpg,135
frame_000924_org.jpg,45
frame_000924_flip.jpg,135
frame_000925_org.jpg,45
frame_000925_flip.jpg,135
frame_000926_org.jpg,45
frame_000926_flip.jpg,135
frame_000927_org.jpg,45
frame_000927_flip.jpg,135
frame_000928_org.jpg,45
frame_000928_flip.jpg,135
frame_000929_org.jpg,63
frame_000929_flip.jpg,117
frame_000930_org.jpg,69
frame_000930_flip.jpg,111
frame_000931_org.jpg,76
frame_000931_flip.jpg,104
frame_000932_org.jpg,45
frame_000932_flip.jpg,135
frame_000933_org.jpg,45
frame_000933_flip.jpg,135
frame_000934_org.jpg,45
frame_000934_flip.jpg,135
frame_000935_org.jpg,45
frame_000935_flip.jpg,135
frame_000936_org.jpg,45
frame_000936_flip.jpg,135
frame_000937_org.jpg,45
frame_000937_flip.jpg,135
frame_000938_org.jpg,45
frame_000938_flip.jpg,135
frame_000939_org.jpg,45
frame_000939_flip.jpg,135
frame_000940_org.jpg,45
frame_000940_flip.jpg,135
frame_000941_org.jpg,45
frame_000941_flip.jpg,135
frame_000942_org.jpg,45
frame_000942_flip.jpg,135
frame_000943_org.jpg,45
frame_000943_flip.jpg,135
frame_000944_org.jpg,45
frame_000944_flip.jpg,135
frame_000945_org.jpg,45
frame_000945_flip.jpg,135
frame_000946_org.jpg,45
frame_000946_flip.jpg,135
frame_000947_org.jpg,45
frame_000947_flip.jpg,135
frame_000948_org.jpg,45
frame_000948_flip.jpg,135
frame_000949_org.jpg,45
frame_000949_flip.jpg,135
frame_000950_org.jpg,45
frame_000950_flip.jpg,135
frame_000951_org.jpg,45
frame_000951_flip.jpg,135
frame_000952_org.jpg,45
frame_000952_flip.jpg,135
frame_000953_org.jpg,45
frame_000953_flip.jpg,135
frame_000954_org.jpg,45
frame_000954_flip.jpg,135
frame_000955_org.jpg,45
frame_000955_flip.jpg,135
frame_000956_org.jpg,45
frame_000956_flip.jpg,135
frame_000957_org.jpg,45
frame_000957_flip.jpg,135
frame_000958_org.jpg,45
frame_000958_flip.jpg,135
frame_000959_org.jpg,45
frame_000959_flip.jpg,135
frame_000960_org.jpg,45
frame_000960_flip.jpg,135
frame_000961_org.jpg,45
frame_000961_flip.jpg,135
frame_000962_org.jpg,46
frame_000962_flip.jpg,134
frame_000963_org.jpg,47
frame_000963_flip.jpg,133
frame_000964_org.jpg,47
frame_000964_flip.jpg,133
frame_000965_org.jpg,47
frame_000965_flip.jpg,133
frame_000966_org.jpg,48
frame_000966_flip.jpg,132
frame_000967_org.jpg,48
frame_000967_flip.jpg,132
frame_000968_org.jpg,49
frame_000968_flip.jpg,131
frame_000969_org.jpg,49
frame_000969_flip.jpg,131
frame_000970_org.jpg,49
frame_000970_flip.jpg,131
frame_000971_org.jpg,49
frame_000971_flip.jpg,131
frame_000972_org.jpg,49
frame_000972_flip.jpg,131
frame_000973_org.jpg,49
frame_000973_flip.jpg,131
frame_000974_org.jpg,48
frame_000974_flip.jpg,132
frame_000975_org.jpg,48
frame_000975_flip.jpg,132
frame_000976_org.jpg,48
frame_000976_flip.jpg,132
frame_000977_org.jpg,48
frame_000977_flip.jpg,132
frame_000978_org.jpg,49
frame_000978_flip.jpg,131
frame_000979_org.jpg,50
frame_000979_flip.jpg,130
frame_000980_org.jpg,50
frame_000980_flip.jpg,130
frame_000981_org.jpg,51
frame_000981_flip.jpg,129
frame_000982_org.jpg,52
frame_000982_flip.jpg,128
frame_000983_org.jpg,53
frame_000983_flip.jpg,127
frame_000984_org.jpg,53
frame_000984_flip.jpg,127
frame_000985_org.jpg,55
frame_000985_flip.jpg,125
frame_000986_org.jpg,56
frame_000986_flip.jpg,124
frame_000987_org.jpg,56
frame_000987_flip.jpg,124
frame_000988_org.jpg,57
frame_000988_flip.jpg,123
frame_000989_org.jpg,59
frame_000989_flip.jpg,121
frame_000990_org.jpg,59
frame_000990_flip.jpg,121
frame_000991_org.jpg,61
frame_000991_flip.jpg,119
frame_000992_org.jpg,62
frame_000992_flip.jpg,118
frame_000993_org.jpg,63
frame_000993_flip.jpg,117
frame_000994_org.jpg,65
frame_000994_flip.jpg,115
frame_000995_org.jpg,67
frame_000995_flip.jpg,113
frame_000996_org.jpg,70
frame_000996_flip.jpg,110
frame_000997_org.jpg,72
frame_000997_flip.jpg,108
frame_000998_org.jpg,74
frame_000998_flip.jpg,106
frame_000999_org.jpg,76
frame_000999_flip.jpg,104
frame_001000_org.jpg,78
frame_001000_flip.jpg,102
frame_001001_org.jpg,79
frame_001001_flip.jpg,101
frame_001002_org.jpg,80
frame_001002_flip.jpg,100
frame_001003_org.jpg,82
frame_001003_flip.jpg,98
frame_001004_org.jpg,83
frame_001004_flip.jpg,97
frame_001005_org.jpg,84
frame_001005_flip.jpg,96
frame_001006_org.jpg,86
frame_001006_flip.jpg,94
frame_001007_org.jpg,87
frame_001007_flip.jpg,93
frame_001008_org.jpg,89
frame_001008_flip.jpg,91
frame_001009_org.jpg,89
frame_001009_flip.jpg,91
frame_001010_org.jpg,89
frame_001010_flip.jpg,91
frame_001011_org.jpg,89
frame_001011_flip.jpg,91
frame_001012_org.jpg,89
frame_001012_flip.jpg,91
frame_001013_org.jpg,89
frame_001013_flip.jpg,91
frame_001014_org.jpg,89
frame_001014_flip.jpg,91
frame_001015_org.jpg,89
frame_001015_flip.jpg,91
frame_001016_org.jpg,89
frame_001016_flip.jpg,91
frame_001017_org.jpg,89
frame_001017_flip.jpg,91
frame_001018_org.jpg,89
frame_001018_flip.jpg,91
frame_001019_org.jpg,89
frame_001019_flip.jpg,91
frame_001020_org.jpg,89
frame_001020_flip.jpg,91
frame_001021_org.jpg,89
frame_001021_flip.jpg,91
frame_001022_org.jpg,89
frame_001022_flip.jpg,91
frame_001023_org.jpg,89
frame_001023_flip.jpg,91
frame_001024_org.jpg,89
frame_001024_flip.jpg,91
frame_001025_org.jpg,89
frame_001025_flip.jpg,91
frame_001026_org.jpg,90
frame_001026_flip.jpg,90
frame_001027_org.jpg,90
frame_001027_flip.jpg,90
frame_001028_org.jpg,89
frame_001028_flip.jpg,91
frame_001029_org.jpg,89
frame_001029_flip.jpg,91
frame_001030_org.jpg,89
frame_001030_flip.jpg,91
frame_001031_org.jpg,89
frame_001031_flip.jpg,91
frame_001032_org.jpg,89
frame_001032_flip.jpg,91
frame_001033_org.jpg,89
frame_001033_flip.jpg,91
frame_001034_org.jpg,89
frame_001034_flip.jpg,91
frame_001035_org.jpg,89
frame_001035_flip.jpg,91
frame_001036_org.jpg,89
frame_001036_flip.jpg,91
frame_001037_org.jpg,89
frame_001037_flip.jpg,91
frame_001038_org.jpg,89
frame_001038_flip.jpg,91
frame_001039_org.jpg,89
frame_001039_flip.jpg,91
frame_001040_org.jpg,89
frame_001040_flip.jpg,91
frame_001041_org.jpg,89
frame_001041_flip.jpg,91
frame_001042_org.jpg,89
frame_001042_flip.jpg,91
frame_001043_org.jpg,89
frame_001043_flip.jpg,91
frame_001044_org.jpg,89
frame_001044_flip.jpg,91
frame_001045_org.jpg,89
frame_001045_flip.jpg,91
frame_001046_org.jpg,89
frame_001046_flip.jpg,91
frame_001047_org.jpg,89
frame_001047_flip.jpg,91
frame_001048_org.jpg,89
frame_001048_flip.jpg,91
frame_001049_org.jpg,89
frame_001049_flip.jpg,91
frame_001050_org.jpg,89
frame_001050_flip.jpg,91
frame_001051_org.jpg,89
frame_001051_flip.jpg,91
frame_001052_org.jpg,89
frame_001052_flip.jpg,91
frame_001053_org.jpg,89
frame_001053_flip.jpg,91
frame_001054_org.jpg,89
frame_001054_flip.jpg,91
frame_001055_org.jpg,89
frame_001055_flip.jpg,91
frame_001056_org.jpg,89
frame_001056_flip.jpg,91
frame_001057_org.jpg,89
frame_001057_flip.jpg,91
frame_001058_org.jpg,89
frame_001058_flip.jpg,91
frame_001059_org.jpg,89
frame_001059_flip.jpg,91
frame_001060_org.jpg,89
frame_001060_flip.jpg,91
frame_001061_org.jpg,89
frame_001061_flip.jpg,91
frame_001062_org.jpg,89
frame_001062_flip.jpg,91
frame_001063_org.jpg,89
frame_001063_flip.jpg,91
frame_001064_org.jpg,89
frame_001064_flip.jpg,91
frame_001065_org.jpg,89
frame_001065_flip.jpg,91
frame_001066_org.jpg,89
frame_001066_flip.jpg,91
frame_001067_org.jpg,89
frame_001067_flip.jpg,91
frame_001068_org.jpg,89
frame_001068_flip.jpg,91
frame_001069_org.jpg,89
frame_001069_flip.jpg,91
frame_001070_org.jpg,89
frame_001070_flip.jpg,91
frame_001071_org.jpg,89
frame_001071_flip.jpg,91
frame_001072_org.jpg,88
frame_001072_flip.jpg,92
frame_001073_org.jpg,88
frame_001073_flip.jpg,92
frame_001074_org.jpg,88
frame_001074_flip.jpg,92
frame_001075_org.jpg,87
frame_001075_flip.jpg,93
frame_001076_org.jpg,87
frame_001076_flip.jpg,93
frame_001077_org.jpg,86
frame_001077_flip.jpg,94
frame_001078_org.jpg,86
frame_001078_flip.jpg,94
frame_001079_org.jpg,86
frame_001079_flip.jpg,94
frame_001080_org.jpg,86
frame_001080_flip.jpg,94
